frame_id,object_index,class,distance_m,truncated,occluded,yaw_drift_deg,corner_iou,lidar_iou,lidar_points,lidar_status,gt_x1,gt_y1,gt_x2,gt_y2,corner_x1,corner_y1,corner_x2,corner_y2,lidar_x1,lidar_y1,lidar_x2,lidar_y2
000001,0,Truck,69.45757410102946,0.0,0,0.0,0.9378628164093085,0.8921406691371703,73,ok,599.41,156.4,629.75,189.25,599.8492375499051,157.33761579381633,629.8411848342162,189.84501263771423,599.9168089667677,157.2508124300728,629.2703345113813,187.542538281431
000001,1,Car,60.827897382697685,0.0,0,0.0,0.9805792155970717,0.053628461855220785,9,ok,387.63,181.54,423.81,203.12,387.8809817461105,181.4595996302404,423.7698102507707,203.2919188152593,394.8163248504743,194.88318800662165,405.3845602525575,198.8451733570862
000001,2,Cyclist,46.08813404771341,0.0,3,0.0,0.9599369505629226,0.5903109060709651,18,ok,676.6,163.95,688.98,193.93,676.8632776535213,164.15631778742335,688.89370790702,194.0951566616923,677.4404045001286,167.83334694250115,687.0652795294741,190.5967915447852
000004,0,Car,41.416147817004905,0.0,0,0.0,0.9800793602166951,0.5325943822022546,80,ok,280.38,185.1,344.9,215.59,280.6308266234518,184.85277444681324,344.8763067784587,215.83221683311902,286.4767326561562,194.46001905171903,340.7141271519752,213.77745789266294
000004,1,Car,53.62680206762287,0.0,0,0.0,0.9796579429978688,0.4023372625982136,26,ok,365.14,184.54,406.11,205.2,365.345850196183,184.445901205217,406.0129449490881,205.38101053632593,368.4172114720615,189.326783542226,404.1604214838581,198.8545912827364
000007,0,Car,25.076528866651383,0.0,0,0.0,0.9667119802019462,0.8600586298266477,195,ok,564.62,174.59,616.43,224.74,565.4822674388488,175.0120260902123,616.6555064316764,224.96047078357958,565.5547623547097,177.84733112477403,615.1229345252905,222.93000672792903
000007,1,Car,48.163697947728224,0.0,0,0.0,0.9719531768004971,0.34148124579469796,21,ok,481.59,180.09,512.55,202.42,481.8496676318343,179.85710648600008,512.4094386793754,202.53901726391695,482.31299324069187,192.58099152113832,510.3056442768124,201.01458187394533
000007,2,Car,60.72708292022597,0.0,0,0.0,0.9732200547497134,0.005074180086587753,5,ok,542.05,175.55,565.27,193.79,542.2247136363295,175.73341160107591,565.2443510290931,193.94468803128316,543.5390080878125,187.72998124169993,556.1607146702296,187.9002499518576
000007,3,Cyclist,36.40301361151299,0.0,0,0.0,0.9790535391453362,0.5168474060266787,26,ok,330.6,176.09,355.61,213.6,330.8419174965761,176.13804376450176,355.49785328558744,213.8147887154328,336.8816864933774,178.4750420561726,351.40701648789,211.85586883578392
000008,0,Car,4.884669896727925,0.88,3,0.0,0.993376964810551,0.9762046460812723,7006,ok,0.0,192.37,402.31,374.0,0.0,191.3346280888893,402.6967273731604,374.0,0.0,193.3843730772319,409.85700443270974,374.0
000008,1,Car,8.11609512019173,0.0,1,0.0,0.985383797759683,0.8953176013217123,2032,ok,334.85,178.94,624.5,372.04,335.783058370862,178.69011549395384,624.5448197689615,374.0,356.03836817671174,180.8168195501488,621.291151687921,369.6042081439921
000008,2,Car,7.418099487065404,0.34,3,0.0,0.9865460364055325,0.8601569793574615,1198,ok,937.29,197.39,1241.0,374.0,938.8093144611796,195.86942796206094,1241.0,374.0,951.227815673143,214.78081177123713,1241.0,374.0
000008,3,Car,14.56231437649936,0.0,1,0.0,0.9740017462085421,0.8551268543832286,716,ok,597.59,176.18,720.9,261.14,598.0678967121008,176.35120042473784,721.2785777077737,262.63551523939844,604.3254270295178,180.8730047060039,718.0960247547079,259.6162495040361
000008,4,Car,34.01558613341831,0.0,0,0.0,0.9648126354806893,0.8462507202996988,68,ok,741.18,168.83,792.25,208.43,741.6706475479675,169.3550315585611,792.2887502422866,208.91560853095123,743.0080376799259,170.48643945140952,789.4921557808282,209.76052590118312
000008,5,Car,21.75717123157328,0.0,0,0.0,0.9711096331637186,0.8608083410416014,246,ok,884.52,178.31,956.41,240.18,885.375574880649,178.2402751822824,956.1167360780912,240.94612760947086,887.1829091928724,183.17003295518182,954.8524461384035,240.6796558874853
000009,0,Car,23.954999478188263,0.0,0,0.0,0.9691905624919593,0.7978491796043911,221,ok,601.96,177.01,659.15,229.51,602.7258950069524,177.07969187873167,658.7444162269289,230.0091082194858,604.7635033510511,181.40508313793381,659.8597447575478,225.91478390115722
000009,1,Car,66.39593436348343,0.0,2,0.0,0.9804577106969352,0.16286866602640657,4,ok,600.14,177.09,624.65,193.31,600.2515775209974,177.0745874239214,624.7781213729945,193.45767373211066,605.1366766518606,182.96110351168878,619.3588456180393,187.5137703126416
000009,2,Car,68.31325054482475,0.0,0,0.0,0.9765780955208441,0.0,1,too_few_points,574.98,178.64,598.45,194.01,575.140095178741,178.51572420211681,598.421445697845,194.12980928858352,,,,
000010,0,Car,7.027616950289763,0.8,0,0.0,0.984911449570525,0.8836942696078308,2250,ok,1013.39,182.46,1241.0,374.0,1015.2264077150546,181.08362111125447,1241.0,374.0,1012.5918141687371,204.2110319008243,1241.0,374.0
000010,1,Car,12.153505667090464,0.0,0,0.0,0.9730093784212728,0.8092155129577533,1083,ok,354.43,185.52,549.52,294.49,354.97416944722585,184.7725046188561,549.8571160610747,296.2672535655886,373.1194832159364,189.75302109707513,541.9031593395862,297.9663951756399
000010,2,Pedestrian,24.990228090195576,0.0,2,0.0,0.6918638501905229,0.2078701201963325,23,ok,859.54,159.8,879.68,221.4,852.9154293879426,159.93130560447275,881.862470097748,221.65420490634102,863.4265764632457,166.42822576356397,877.0809765700474,185.31507967009284
000010,3,Car,17.58300600011272,0.0,0,0.0,0.9665345171068871,0.813110029103135,372,ok,819.63,178.12,926.85,251.56,820.6326146444272,177.98991240160436,926.213586761583,252.83263871366248,824.8380546260307,184.95637243833878,921.6830529211534,252.1645704170868
000010,4,Car,23.152187801587996,0.0,2,0.0,0.9658414616932302,0.6130248952607804,51,ok,800.54,178.06,878.75,230.56,801.4463740562173,177.90660108762395,878.7624069725051,231.63916915829682,805.9597544156504,184.19195181585533,861.3505206039276,229.63446360576916
000010,5,Car,23.708471059939736,0.0,0,0.0,0.9736929947835116,0.8458085148673555,254,ok,558.55,179.04,635.05,230.61,559.1191610178486,179.02753331906058,635.0644622466402,231.59426962806828,565.258105813261,182.12359194969187,634.6048128765336,230.24128264265073
000010,6,Car,29.129059373759393,0.0,2,0.0,0.9701812852632052,0.5386797332481601,62,ok,598.3,178.68,652.25,218.17,598.9414033395154,178.68843734408998,652.2220242444396,218.87891260401935,620.9423218903618,179.08905499902895,650.3773280281099,218.07832360860132
000010,7,Car,29.64992074188395,0.0,1,0.0,0.9695534897583151,0.5075870708903774,34,ok,784.59,178.04,839.98,220.1,785.0678221749215,177.99508638777752,840.0357589581953,220.96625830925603,787.5770899122531,181.38608839717418,820.1331094237396,217.70893567990572
000010,8,Car,43.12322460113576,0.0,1,0.0,0.9731961226235505,0.5764107221386731,22,ok,663.74,175.36,707.21,204.15,664.2152127096258,175.4288940904289,707.2008538336105,204.5477423570668,670.932262097105,180.7716265702029,703.451605047544,202.9546937124235
000011,0,Pedestrian,13.487212462180612,0.0,1,0.0,0.7617231065164821,0.8326674779201607,168,ok,883.68,144.15,937.35,259.01,872.3139701353475,144.4122272280948,942.4710022834482,259.3021124565615,884.8191050346417,152.8396740468932,940.1741748730583,255.13303363551
000011,1,Pedestrian,14.559921016269284,0.0,2,0.0,0.9708695625871554,0.5100174478600795,35,ok,873.7,152.1,933.44,256.07,874.9735414851298,152.23039459628572,933.2053602827806,256.3624767733045,893.3832733869692,168.29466277433514,931.8146719746335,250.72215867617592
000011,2,Car,27.157706088696077,0.0,0,0.0,0.9622486896042994,0.8708779911390988,214,ok,444.29,171.04,504.95,225.82,445.02358593009217,171.9676073863049,504.8867768841907,226.27600114783556,445.9614242216903,175.3337380283181,503.4321253596556,225.6878862041495
000011,3,Pedestrian,34.1870048410211,0.0,0,0.0,0.6641050054820695,0.7811522809978524,40,ok,649.28,168.1,664.61,206.4,645.966167796266,168.34718204537592,668.9003652613195,206.4828304989361,649.310900274858,171.69328227634452,664.3389991138996,202.21244335088326
000011,4,Car,6.8332861786990895,0.98,0,0.0,0.982799839978754,0.8465824429137003,3567,ok,0.0,217.12,85.92,374.0,0.0,214.96720042586304,85.59656521482813,374.0,0.0,237.0366315249821,88.9962893082815,374.0
000011,5,Pedestrian,17.91347258350541,0.0,0,0.0,0.7876745079392184,0.8838711655321084,88,ok,240.35,190.31,268.02,261.61,236.3630222171076,190.70010149639117,271.28204395022004,261.7267221369062,239.7837076287077,192.99995408485952,268.40937392312475,258.00436680158947
000012,0,Car,59.13815773255031,0.0,0,0.0,0.9702557474704571,0.23265973774809343,14,ok,662.2,185.85,690.21,205.03,662.4127626428843,185.68958356531368,690.1349186753105,205.2584181947708,673.2026805177657,191.50124010407853,688.8375113941062,199.49571159446614
000012,1,Van,66.37461035667177,0.0,0,0.0,0.9726182775303641,0.48469567917050194,39,ok,448.07,177.14,481.6,206.41,448.50409396229236,177.2017166271295,481.48319608898134,206.68163281568044,451.3863162517128,179.8724441330774,477.32086770268677,198.21444387451714
000015,0,Car,5.221350400040204,0.89,0,0.0,0.9912411296450793,0.9142599433125991,6240,ok,0.0,194.7,414.71,373.0,0.0,196.22647532011217,414.79338274711637,373.0,0.0,207.38863555216795,421.82803804308844,373.0
000015,1,Pedestrian,9.052043968077044,0.0,1,0.0,0.572380053604775,0.6093244760887498,427,ok,1021.76,133.28,1101.39,316.63,987.8187161307981,132.6542849670998,1126.330933889528,316.3193805641278,1015.4945686126782,155.31106527717589,1133.97670837198,318.43898785861387
000015,2,Pedestrian,24.305951945974055,0.0,0,0.0,0.5880880804465123,0.5637414123319334,71,ok,672.23,171.73,690.13,224.33,662.7646074562543,171.758261147998,688.3457420920323,224.2461682919993,662.389138371309,176.31358131312086,688.8966008504156,224.53776125123596
000015,3,Pedestrian,24.483839568172307,0.0,0,0.0,0.7118486738615575,0.5478655016829599,72,ok,692.68,169.14,712.48,224.03,686.4648321534155,169.0405645070376,714.1820223689004,223.89896771779314,688.6443457413553,176.106703227955,707.4024034764037,224.43436594923733
000015,4,Pedestrian,23.408197282148834,0.0,0,0.0,0.729137193930143,0.696728842083855,66,ok,537.84,168.08,560.9,224.34,530.9373733624349,168.22327607201495,562.5026878563468,224.34396515400263,538.6399934347357,172.80426707259593,557.031487071659,221.95226357595232
000016,0,Car,44.631107985350305,0.0,2,0.0,0.9792166491764549,0.39335508829823845,32,ok,661.23,174.85,694.38,197.63,661.3091206048756,175.0096492086401,694.4038212475683,197.87948218760903,661.5734038558471,185.10175278816368,685.8521311152031,198.37606582558126
000016,1,Truck,28.136895706527397,0.0,2,0.0,0.9573142425561406,0.5331603472953573,1981,ok,125.12,91.71,474.04,253.26,126.11973549516009,94.7550443077408,473.48420706449025,256.5591101915768,130.85181709352796,145.13915690310736,465.9864756858719,234.81414439841825
000016,2,Car,33.47478752733168,0.0,0,0.0,0.9602189787890513,0.7183134778546392,86,ok,684.49,172.19,733.85,205.26,684.9527530538684,172.6122524346565,733.6702373170714,205.7541675881495,687.5989999049324,178.80344873752173,732.6902998348736,205.89081537719443
000016,3,Car,7.270508923039706,0.5,0,0.0,0.9953459048459267,0.9082233957410784,2454,ok,0.0,193.56,386.2,374.0,0.0,192.8194670923925,385.97929031589484,374.0,0.0,209.43594233251125,387.96801330273763,374.0
000016,4,Car,47.221576636109894,0.0,0,0.0,0.9752310914029001,0.15824129184167623,14,ok,494.45,181.84,527.48,205.27,494.6974708050685,181.78934171892882,527.3061219977037,205.51166864492288,496.71416264567284,196.12139379946626,523.45023634281,200.7017900697015
000016,5,Tram,90.98314239462165,0.0,2,0.0,0.941131627814431,0.0,0,too_few_points,587.32,158.63,648.66,188.51,587.4756981077165,159.48128460575722,648.8090390166839,189.32574468416112,,,,
000019,0,Truck,6.5569352597078465,0.74,1,0.0,0.9976527204689122,0.7397512141948629,8851,ok,0.0,0.0,424.74,374.0,0.0,0.0,425.73932921304083,374.0,0.0,97.1838773812187,425.0494020923484,374.0
000019,1,Car,10.25674899761128,0.0,0,0.0,0.9758631367180104,0.8838220251254705,1332,ok,742.41,184.49,944.56,321.39,743.7322163121494,183.40463196053423,944.6047742712759,322.75830229298236,752.1715067206535,186.55101891325046,939.4647640099787,326.19412256961743
000019,2,Van,35.471560439315326,0.0,0,0.0,0.9578886787066023,0.7251610377051966,109,ok,639.17,169.69,683.48,212.97,639.7595342347978,170.45102591526881,683.3328844464912,213.34653029045444,642.5727040473641,174.9916087309013,681.334782319695,210.868632613961
000019,3,Car,59.7673907745687,0.0,0,0.0,0.9673706713528771,0.46152764253986284,20,ok,551.01,184.06,575.42,204.29,551.2956464910102,183.8666357348598,575.2628965325001,204.40528059745017,553.349300181966,187.55653199050047,570.527087954457,200.82418628626795
000021,0,Cyclist,4.499388847388055,0.89,0,0.0,0.9609386273004766,0.9375755026207744,1760,ok,1056.16,190.5,1241.0,374.0,1061.6485899814204,188.65642136487105,1241.0,374.0,1061.1651765326562,197.16652278285528,1241.0,374.0
000021,1,Car,13.730833914952145,0.0,0,0.0,0.9768652908104368,0.8794298478707618,881,ok,359.43,179.3,516.3,270.97,359.42946723924905,178.97950068867502,516.377331251277,272.7739287470463,363.81098167426944,183.17980120608837,511.5539251272794,273.4632061772501
000021,2,Car,17.852240755714675,0.0,1,0.0,0.9556539485817545,0.630711027529661,256,ok,444.13,163.92,559.2,247.04,445.3438813548979,165.33209387847134,558.9621845908925,248.35744891820576,478.27113917940943,167.57176991925257,554.6881122094283,246.5137910409654
000021,3,Van,23.95364064187321,0.0,1,0.0,0.9740971552771425,0.7378635546316743,984,ok,870.59,115.22,1101.06,213.85,871.8653573460442,116.44459782312494,1100.7730465350082,213.1755201496682,876.8270032135075,137.061108987953,1098.8063738673961,212.62022683652458
000021,4,Car,26.519609725635103,0.0,0,0.0,0.966089712612265,0.8730021890242221,184,ok,724.49,171.09,790.5,215.13,724.7563002323275,171.9403467399762,790.556717720553,215.5795985395809,729.8261121513357,171.98391337545095,790.523083511733,216.62246831705676
000021,5,Car,26.92237359520887,0.0,1,0.0,0.9572550766705945,0.612523643896167,130,ok,534.25,166.2,596.08,216.76,535.0111219799,167.0202108849874,595.915376385145,217.39233896850016,551.3570766153541,171.06840196004586,594.1660677540135,218.33068938113453
000021,6,Car,32.63841601548703,0.0,2,0.0,0.960326484610934,0.8572066478289985,55,ok,709.81,162.43,765.7,205.68,710.2848767352785,163.1935186832409,765.5014543187472,206.14422748078974,712.7998528339831,164.64034006818505,763.3913164921332,205.5973749232339
000021,7,Car,31.832576081743685,0.0,2,0.0,0.9754137973252115,0.25749000644166503,31,ok,562.02,166.42,605.57,206.89,562.3024472513196,166.8479980321676,605.6306380533558,207.15062963165815,588.5302426187603,171.77891140999938,601.5838375450459,206.54466199295916
000023,0,Truck,69.30794254629119,0.0,0,0.0,0.9178828944414382,0.8502771476495815,78,ok,599.21,156.67,629.63,189.6,599.9569369496087,157.64681469393744,630.0198696423093,190.22487300273383,600.0267667854938,157.2413237320198,628.1307795019404,187.5483352564935
000023,1,Car,57.5697507376921,0.0,0,0.0,0.9821580102147335,0.07405960717876722,13,ok,372.95,182.64,412.21,205.68,373.1396449843585,182.4820508295903,412.1340955212618,205.7836972103021,377.3037707241762,194.82121187645453,393.5431834272111,198.94640091638067
000023,2,Cyclist,45.014563199035926,0.0,3,0.0,0.9779735140244343,0.7065075689804278,21,ok,677.94,164.64,690.85,195.36,678.1378184454799,164.7667944800857,690.8494130317056,195.4427587791681,678.6362293448409,167.71093236363765,689.257127382613,194.09264788569735
000025,0,Car,4.311252718178325,0.94,3,0.0,0.9856064839830768,0.8849352397147929,1639,ok,896.11,218.17,1241.0,374.0,898.5029003166934,216.98302958382394,1241.0,374.0,890.2737752959938,234.00412234137187,1241.0,374.0
000025,1,Car,10.775778394157891,0.0,0,0.0,0.9742745637668554,0.8717778000152864,1211,ok,351.84,183.19,537.77,308.64,351.7666609883152,182.21023161523294,538.1847944063541,310.63553951776197,348.95279482293864,191.40455132760823,531.3796195907971,311.2757607255253
000025,2,Car,30.240755612252812,0.0,0,0.0,0.9669282727866185,0.7012572943153406,73,ok,562.48,173.46,618.49,217.36,562.8961453665445,173.96220737936218,618.3098523894125,217.8697250443342,565.8448562030788,179.59114841216203,612.6683548280016,218.70583692652
000025,3,Car,17.940526748119744,0.0,0,0.0,0.9751509760069702,0.7865711434224247,327,ok,724.21,178.91,805.39,249.94,725.107421124518,178.98822669072274,805.3517843060697,250.84158412620693,729.520491431869,186.131776963348,801.2119026421301,250.630949508668
000025,4,Cyclist,44.75969392209916,0.0,3,0.0,0.9524540462083634,0.8152207056596344,22,ok,650.19,175.43,659.99,205.2,650.5437383040933,175.55904926698628,659.9504092361298,205.3058116824079,650.3614632472862,176.51842116985478,659.1683927218019,203.52413078540212
000025,5,Car,22.771293331736782,0.0,1,0.0,0.9728015225905532,0.2688572121087975,41,ok,720.81,187.01,779.98,236.22,721.1333059631885,186.67116853149815,780.0457783260022,236.9304858242921,721.243544529868,189.03483027606435,737.9809301216412,237.75553577230377
000031,0,Car,12.73406847790603,0.0,0,0.0,0.9764220979806445,0.8975113061990534,1170,ok,334.28,180.65,490.02,297.48,335.7273438441271,179.98405255694783,490.0223086671438,298.5374760804724,338.54950370216227,184.93426860512147,486.5588589182941,299.94544133694325
000031,1,Car,9.180201522842514,0.0,0,0.0,0.9908609426857024,0.9236182084981797,1162,ok,785.85,179.67,1028.82,340.75,786.7491195548324,179.3046239343149,1028.728879630269,341.21114269259,795.0990423264724,181.61439067219607,1028.5210572392218,345.37699797825513
000031,2,Car,13.55821522177606,0.0,1,0.0,0.978203384985609,0.7609643254686066,590,ok,711.98,179.65,848.82,277.62,713.0546386126352,179.1224587910857,849.175673072752,278.2403169952203,712.7193735427635,186.47382556253712,825.2170164546578,278.22834708693745
000031,3,Truck,22.591451923238576,0.0,2,0.0,0.9749500890581079,0.7940363417385566,362,ok,445.91,131.69,539.77,228.36,446.41317124655757,132.98454455565914,539.7122187552809,228.93476767171188,448.2226495584812,146.95787607159164,539.6362742056,225.77157649558728
000031,4,Car,26.60241154482052,0.0,0,0.0,0.9753634061961808,0.872525951364781,164,ok,660.82,178.72,713.09,222.03,661.2641280806298,178.71072078852194,712.8565615531642,222.54589034184696,662.3287448928388,182.07994764145153,712.0308200797876,222.26899414263556
000031,5,Van,51.96460911043207,0.0,0,0.0,0.9697643693994995,0.7548817480245872,37,ok,620.95,171.59,649.36,200.46,621.2906993658673,171.97754619301378,649.3347837026845,200.58379695868027,625.1783781323742,173.8083408339096,649.2523002224899,199.5271047437674
000032,0,Car,9.801535593977098,0.0,0,0.0,0.9783876372773933,0.9043317003401858,1510,ok,178.19,189.36,435.56,344.73,178.1443875527685,188.62503752445608,436.1907794226634,347.0108734139042,190.75557036711334,192.15491672715015,435.21593079405017,349.8709495316859
000032,1,Car,9.275570063343816,0.0,0,0.0,0.9812337248216836,0.8996841024993691,1417,ok,776.17,182.37,1014.36,335.44,777.6705926778095,182.02622179328785,1013.5778336703476,336.54253011711035,783.5958326414112,188.13050635178283,1012.670533232431,340.0137515926416
000032,2,Van,14.905562720004903,0.0,1,0.0,0.9758648795116649,0.8116608405767506,842,ok,340.65,150.97,489.14,274.11,341.12140444055734,152.555046472,489.5298290328204,274.81708714426026,355.5018561489707,156.05096574825387,486.6459560321408,269.2185885882635
000032,3,Car,13.898881249942386,0.0,1,0.0,0.9742995924477093,0.7120484852137369,418,ok,711.6,180.21,863.08,273.6,712.314041241092,179.26942630684297,863.7530219875109,274.2565717864618,719.5204087478614,181.73977793985833,834.5200906745749,269.3326163220244
000032,4,Car,20.23326468961448,0.0,2,0.0,0.9663012576153752,0.661576168853039,71,ok,709.49,176.89,777.81,234.26,709.9161720281708,177.14060897060267,777.4996493515463,235.37615334215786,712.6165439842191,183.71430469803008,766.0143167633313,232.27550550967382
000032,5,Van,25.46885352739695,0.0,2,0.0,0.977986335978767,0.4816806883342176,603,ok,119.13,141.28,368.15,230.69,119.5039409132526,142.97603150445732,368.1824370955335,230.56046849929453,200.6809440813585,147.11850620022872,366.4357017446156,211.819887978007
000032,6,Car,25.887692056264886,0.0,2,0.0,0.9632107856685036,0.38568800729317826,75,ok,725.15,164.18,806.31,219.41,725.8924318160255,164.95046522737965,806.3297583317685,220.19611296663183,734.0374108548972,167.82158404627802,799.2995400015325,194.31219522393926
000032,7,Van,44.74503994857977,0.0,0,0.0,0.9657722335415692,0.6786770912743503,67,ok,611.72,163.22,643.8,197.13,612.1551095380427,163.6660026079232,643.7350290917562,197.3330109411708,614.8412332323909,168.01556643159523,642.2469648732449,194.95471953182692
000032,8,Van,41.11421165485239,0.0,2,0.0,0.9690058707868661,0.4526168268394274,155,ok,780.93,147.56,917.34,199.48,781.5408337122395,148.52853011153715,917.339598877495,199.06576546674543,787.5348427680212,151.65454938359443,889.0001809885083,183.2477685998239
000032,9,Car,45.17375676208478,0.0,0,0.0,0.9628772902070948,0.500606143091869,40,ok,494.77,173.81,531.54,199.22,494.85283211104957,174.22767368896297,531.7657899049505,199.55264662467962,496.6822040382211,182.60480934459883,531.5210666047747,196.0303103687811
000043,0,Pedestrian,12.847509486277875,0.0,0,0.0,0.7353322072101504,0.7158345447771574,196,ok,471.56,174.73,502.47,266.4,466.10431265793187,175.05310837460217,507.9994355769062,266.30890104709573,465.8361025061584,176.25980602485453,508.1104522948034,267.2133175387555
000043,1,Pedestrian,12.72912015812562,0.0,0,0.0,0.9070836411582872,0.8422942335269071,208,ok,441.08,170.15,473.22,268.12,438.92218850599966,170.39824758857097,472.34124713064364,268.36565229836106,437.14113253475426,171.74722337416253,474.74170286282697,268.1826626882726
000043,2,Pedestrian,20.711064675675175,0.0,0,0.0,0.8114317456189969,0.7051471563819144,97,ok,684.72,161.94,711.08,230.1,680.174033267347,162.01147378875106,712.5665043723657,230.23798851294126,681.3334823961678,167.23056679952356,707.5800175966274,229.11678687162458
000043,3,Pedestrian,20.62876632278334,0.0,0,0.0,0.7393544676214817,0.762020014218744,98,ok,719.54,160.0,745.42,229.67,712.4257147206886,160.10491809788257,747.366846520692,229.6074026886894,712.7972567365042,161.63668387872727,745.8785495298765,229.0128992468333
000048,0,Pedestrian,16.9372843159699,0.0,0,0.0,0.7428340489657085,0.8002679827912096,130,ok,659.64,160.9,687.89,236.97,650.5185844788841,160.81018381370345,687.488454828534,236.77048279270358,658.0561306507724,168.22922663259064,689.409131709104,239.0213350395269
000048,1,Pedestrian,17.211362525959416,0.0,0,0.0,0.7343542011568722,0.7488695556843431,155,ok,680.59,157.38,711.83,236.18,672.9630173041974,157.5730134965672,715.4119078679048,236.14191244356445,673.8624941952318,164.60466346048605,711.8653792368735,235.03321266959995
000048,2,Pedestrian,16.627450195384743,0.0,0,0.0,0.6113620247382592,0.6877450314409734,135,ok,453.2,159.81,482.53,241.31,436.0897053007659,159.9945358993101,483.9688648668152,241.22950966182626,443.49832888940983,166.67015422218768,482.761733713828,242.6169224617439
000048,3,Cyclist,30.4403301558968,0.0,0,0.0,0.9556405768602276,0.5323781798917038,42,ok,600.22,162.56,622.05,206.65,600.9738827243284,162.50318019636518,621.9184216677165,206.52977705871808,604.7818269596344,170.57052816661383,619.5437672104854,205.2818089367735
000049,0,Car,21.60752415247985,0.0,0,0.0,0.9718225938597228,0.8566875296029757,213,ok,595.5,177.15,657.31,227.34,596.1267011954695,177.49598708230516,657.5340999804151,227.74107719295873,596.4060719843313,180.5946000649702,656.318839336376,224.9533199234713
000049,1,Car,14.431735862327859,0.0,0,0.0,0.9702037568702869,0.9063547730504798,1079,ok,305.23,179.59,494.97,263.68,305.9072734279399,179.8485057165719,494.5352492375484,265.50033225883084,307.9610727043915,178.4482509073577,484.6415630492248,265.01089634303764
000049,2,Car,22.3452746682604,0.0,2,0.0,0.971827383677246,0.5143068677934934,140,ok,410.09,176.18,514.77,228.78,410.71263166178136,176.5177405326309,514.8405375444082,229.60658515330098,448.16872422105496,178.02663732892015,511.28689457910417,222.89264028116872
000049,3,Car,25.244710337019118,0.0,2,0.0,0.9655017273894114,0.5770929039587371,85,ok,435.96,173.6,537.84,218.33,436.1481361523229,174.20161855068497,538.1202209207707,219.09865847376818,470.7565223333009,174.41285507953575,530.8842555934712,218.64045848954905
000049,4,Car,32.80861624634602,0.0,2,0.0,0.9576592442823294,0.08835314424100342,20,ok,473.64,171.53,556.16,203.86,473.9956656357029,172.1371539478265,556.2318639348146,204.4871588282381,528.0549663151662,184.91537504259438,554.6225375347518,193.78765178716588
000049,5,Van,45.87890582827799,0.0,3,0.0,0.9643710323511584,0.7251052708032946,80,ok,515.19,156.84,585.71,193.55,515.5508569734449,157.38830591515645,585.753745269618,194.12597743926378,522.5761569415532,159.7406540935595,581.5743290022177,191.5576516098297
000049,6,Pedestrian,5.707845477936487,0.29,3,0.0,0.7278903057181423,0.6409484577113561,1156,ok,984.43,188.05,1128.77,374.0,951.8577245893068,188.37690056476015,1149.9026379023128,374.0,948.6241445715941,199.41765287229498,1164.423189332738,374.0
000049,7,Car,10.530056979902815,0.0,1,0.0,0.9821619268017031,0.8682147611054932,678,ok,823.97,189.33,1083.14,327.79,824.9892559490418,188.66136840812115,1082.9232100789143,328.97257126371,829.2817947417241,191.5626376575636,1066.4585036051858,333.3958098048179
000049,8,Car,15.530991597447988,0.0,1,0.0,0.9808795133183608,0.8026458302592683,498,ok,753.34,185.35,885.42,263.59,753.9829653628616,184.85113157996162,885.1799551303761,264.08969234252936,756.0395939593827,188.18278223751776,868.834748998538,265.9214368296436
000049,9,Car,20.710943966898274,0.0,2,0.0,0.9693536791289407,0.8856202359042324,252,ok,719.83,169.31,816.44,238.11,720.4623798599148,170.46434323421525,816.5518670739141,238.561606198555,724.5660262870222,168.64190257961818,812.4073895052867,236.9146688786421
000049,10,Pedestrian,32.830986887390395,0.0,0,0.0,0.7023424674735368,0.6235423064246667,43,ok,693.57,173.32,709.9,209.83,687.2543649315686,173.4991322090187,710.3931798026124,209.87935576503313,690.4404379391498,174.35466723779035,707.2742761314895,205.98620560365373
000049,11,Car,33.28710561163286,0.0,2,0.0,0.9733507704553465,0.5633191717584378,76,ok,776.77,170.97,882.28,211.7,777.2036994081187,171.673094172071,882.1292043899753,211.53851399921675,803.5302361156859,172.80324536849795,868.5456456898684,210.03780847572696
000049,12,Car,14.50226189254628,0.07,3,0.0,0.9812738323888572,0.8288541643333915,470,ok,0.0,178.64,252.92,280.6,0.0,178.47552336549273,252.87598082667043,282.36353137850654,28.353762846029227,180.59101812016837,243.23607714746356,281.2507341050538
000049,13,Car,19.08105080963834,0.0,1,0.0,0.9775133658087097,0.6906096479342843,369,ok,194.14,174.89,341.99,241.74,194.82313020541372,175.1222260726661,341.91417714994725,242.6953142241801,226.98687655578098,178.3102160726352,335.798477407496,242.75226064975885
000049,14,Car,35.70534273746718,0.0,2,0.0,0.9709378648491018,0.2066788690603847,9,ok,603.49,171.71,639.3,204.36,603.5915994658061,172.2067624751913,639.1704078604587,204.6134888248586,605.9772014214795,172.11351448917316,635.7087169592919,180.24119334974228
000049,15,Car,23.25483390609359,0.0,2,0.0,0.9771454613185871,0.1571245770038096,28,ok,287.85,175.62,379.41,228.84,287.93333708106087,176.22506147090235,379.52010940175455,229.3531197010136,312.8007317000452,175.0508383259886,363.86714656561475,190.70245917061246
000049,16,Van,35.61556120574264,0.0,3,0.0,0.9744531218365056,0.468025273085928,272,ok,881.73,155.07,1040.99,215.24,882.4211546924689,155.93761639079634,1040.8428904698314,214.88070739981723,882.7492009807894,157.08951821069851,1032.03044541811,187.13303590947805
000049,17,Car,22.431596019900145,0.38,3,0.0,0.9681054333598386,0.48196448277841325,59,ok,0.0,170.48,111.64,240.66,0.0,171.4587793236274,111.34649144536374,241.77608472684753,0.0,176.38093259607055,94.8913892680754,216.17528318802138
000061,0,Van,18.858870591846163,0.05,3,0.0,0.9699866414435606,0.8138954826636556,1021,ok,1054.28,105.67,1241.0,249.94,1056.2277180576414,106.82392060334384,1241.0,251.69360565656783,1060.9809201266005,125.51436840816496,1240.9608159618635,247.3323817033557
000061,1,Car,14.805975145190539,0.79,3,0.0,0.8720608278787242,0.7706266631873026,462,ok,0.0,212.28,41.28,328.12,0.0,210.8663552191857,41.35643887064087,343.45560804505067,0.0,223.68404868441127,38.86906230511863,340.61558556649976
000061,2,Car,41.06383688843506,0.0,2,0.0,0.9727477298770077,0.1713781040176135,10,ok,69.7,217.73,112.22,254.15,69.72294373408414,217.24038583229748,112.252329666391,254.63261097582128,84.43399519888908,240.92064156171088,109.04529118251571,251.70400015815332
000061,3,Car,21.305694074589542,0.14,1,0.0,0.9591071115636739,0.590877062674486,150,ok,0.0,218.4,93.89,297.9,0.0,217.75544346188354,93.31368713454773,300.15404000262527,20.55073886651616,226.0301685833146,91.06833017072073,288.5742372034005
000061,4,Misc,37.18469308734442,0.0,3,0.0,0.9502838542374648,0.8149758524925158,89,ok,879.45,149.53,932.13,173.41,879.827447576867,150.16614786495748,932.2348401781705,173.06631255403633,880.425147245942,153.0223544565845,931.4966873715923,173.09690705382056
000061,5,Van,43.67330763750325,0.0,3,0.0,0.9667914579886671,0.01929839263176247,16,ok,884.04,123.51,923.63,169.76,884.5420967539615,123.89551783064833,923.5194726804868,169.31241345732965,885.9393075075357,145.03508949556792,923.1748720288342,145.9840768696755
