yaw_drift_deg,objects,valid_proposals,coverage,median_lidar_iou,mean_lidar_iou,review_iou_threshold,review_flag_rate
-3.0,115,88,0.7652173913043478,0.5922849529143883,0.4962756252272447,0.5,0.5652173913043478
-2.0,115,97,0.8434782608695652,0.5403351903934759,0.5222949776260533,0.5,0.5391304347826087
-1.0,115,106,0.9217391304347826,0.6730184501158978,0.5830063911152179,0.5,0.3826086956521739
-0.5,115,113,0.9826086956521739,0.7035468373277471,0.6051297889950539,0.5,0.33043478260869563
0.0,115,113,0.9826086956521739,0.7183134778546392,0.6516715709473583,0.5,0.22608695652173913
0.5,115,113,0.9826086956521739,0.6811847296013716,0.6077137287367602,0.5,0.3130434782608696
1.0,115,105,0.9130434782608695,0.6563143080700143,0.5756818074374935,0.5,0.4260869565217391
2.0,115,95,0.8260869565217391,0.634442668884591,0.5412853316204447,0.5,0.5217391304347826
3.0,115,88,0.7652173913043478,0.5469471189486825,0.4709838949736353,0.5,0.6086956521739131
